csc_name,csc_id
pepega,967662354749184954373430790553660917897165199316
pepega2,419858101674230580878290190743256664276144006446
letsdo,138164463127638205027032985510740228873978533680
taciturn,830765275681785465163181570552634760453491717041
cryptostamp,1044601010672025632642732996136046137137312086801
tigerklaue,560878604835798823783677678220982632138290656164
osterhase,1151810096365825896161409299148643416038077921917
stamp,490135355878337611366929256664228738000014790394
anonymous,85879027117051575117965552410015428303102739895
kairo,675946817706768216998960957837194760936536071597
andreas,220496703358415099846665630674566074096891467150
whaleshark,1026029547905334735322565670346719719855121855325
mheidsiek,1222887349614297021274232638032691029090832787060
diewillichhaben,190165446468088235772439745646501294413856237372
xsn,906844886613179693185752362308364887642697248222
josef-crypto-sammlung,415507742846973336559054685160065016754884502316
animalsonchain,728228029945238703923011485341026610875058543628
bertholomaeus,992102608172427205263514465481694202461864520459
andres,1174750765556606585236004415705525065519309223475
andre,1401903599830988895538444522054542417921534371402
meine,1394997013763487152947029492399566390793928338646
meinestamps,1225259305883588174206105378160874697859432644657
bluewhale,1057158482962634972826166939846129145456134927993
caston1,1098727320393933606647528376209946888833064858927
bratwurst,288378959873478741890749354417414437276987292669
bit,924521968255474409452861078307662830508164747653
vetinary,554246391596414881425739899815204293240570442141
trust,273486806247232643928207510048062131894970806010
digital,1419844488452888164979646689120083483521701945243
future,1229528701023009471411878319216984081117302966094
cs2,1114666220280929735499301416149574163232124609147
manuel,1259755981392421809722995522488806128464860329102
einhorn,582560279613336269841753512828676569869679043415
lilcoke,1290742052144462367718548211530081967178324186533
farmgod,415808525255562442256463289628830774010537735283
oldi,1369283275516846132127179431510125568505666721680
mws92,303903026979508443360014747300411720197111772085
unicorn,633510155434620791436471310797801067057883911248
postat20,503471498203148749481998107543122075373118290359
dingdong,941605472888733120513987221138432087839428093604
kowski,644465047021659388710404642259510096204482583392
honeybadger,1205554509815049645439480850504323203756769395721
panda,1324022266587776300057188574426795756121945948744
llama,902467266387682212105568802969892975975631805100
0000,1206576385255614435244419288563307855903521187138
truzer,1427808847523208452606603395274351926716988939858
doge,1015944030496319497517946206259475848579546706146
horstseine,376197126316783334178051772467243580262143574476
crypto-stamp,22404872571846258906580286856308590955113267015
mycollection,648049787150668701863752205534242488288188169080
cs1set,1072141453868055944788839080576081490667337033775
cryptostamp2,996295807719108113415259492725720079209162912626
,890555226942807278247986198772533597879000851400
nissla,60947417891298288741474314494238624395262732592
samuelphun,1337994336376265450051669871539257335399431285202
stamps-2nd-edition,232526748188681117957401535992483708927535404154
moon,702989442709847025338603992909877977867625667910
kimiko,704774863224434136509394746910953312369029668999
deadfox,1222081452330898137355523913598334500654899879814
originalcs2,1405045380822523247986138890224787035309365893341
btc,954376346957957533483860227366881730769285355934
1,1178287447336001455001658636881452608697199722939
a,1349350508374004020976931108389665337950597146634
cryptostempa,1068817406375024735922839967132145751393553071316
cryptoknafi,12341396451598020831853714341852665119136438194
cryptostempa500,819323839578936002716524419876753708067228666071
austria-rulez,1313825350279529545465722882195920169352600570150
crypto-stamps,566931344665978313875824779810232090267522060825
megacoin,660746850845539634138386249703914728332591608197
amazon,838126468928546435470471664612854257092371999999
officialcs2,788528492986907531344382331696252253331664412105
facebook,350525149777907201986238110422278736280828356572
neo,362037597509613944499186571023091571923547500892
cryptostamps,1457115872933407457447141059401488127112066436081
ross,395365325618432718635365635992770073106565176803
codingyourlife,829377565575077357368003878923714581001910616591
0x2a1113fc688,1195084733755440407192231391960307083017507902621
exit1one,327043096309059523331601829435415225460217819118
snottysnake,160671668674020273996776459958353790155827076808
mirag7,54945732303828473026843197587153431848298992354
andi,46347542516390971962180202776823196381076645405
goldeneseinhorn,134749715630005625583561328526060352984682150910
golden-unicorn,151231453591284751590551842112937891968687349141
paul,1364255123441269466175525792184990729989294179896
stamp2,371422289404906933054824835857468824185987759706
crypto20paul,1217185884382041865898981445509423448591470431615
thxvitalik,682711835842286499571254192775628765197307790898
toto,571321918424567423980751008515286768153279544751
prompter,403760309596811770769596899186531994643643297452
bibiyo,1152788071825607484415836284003403678651166127062
ppcryptos,309240007913647411911384825423472708132953554069
cocacola,500736634222649155990336823278405968789904525572
mhcs,224899282039319847612573824502904325036514303989
michaelssammlung,561828572543378893716806699323453200271843200774
coolbeans,605888371004257746250215883980654189420440042623
2020,970506847577202854281555419547426147548834711311
primalcypher,1382427654685072069992967262870032894128872973749
stamp2zesvh,1186216210553532839969669869414207452251183398362
darkprince,1045869560362535395582292443431026966102992496934
buccia,1058872557003398614097103060237010646512260253415
stamper,1247574526284588833280370364300232149940850884783
terratopco,936040975570736233574436751143109103383713567904
sparta,1371357332556648756856211634077454865480504943906
lex,379309473888593114124837071874583824368334473151
markus,502464920531216816378911581470629664987829655234
austrianpost,794584916108366477031727486007539213121064057471
tweetious,905457137844844254266211682981034460432713052337
sammlung1,885678563977614322805868676477539164627595504123
collection,764499841277009815067346713003861758011503295768
cryptoanimals,705840134551484288613016264254562079530374668092
berniscryptostamps,1408939182596960981310527059398273193944873283761
unicornhunter,600237158945807149030232345008446496700611401879
0x9d56d249996b164d9956ede753fa,437344855427059262965905846103424812219911736623
mystamps,755501890798452677640680484241119236546832444501
my-collection,947347596183422899722437643304736041603027438475
ram,753511160023700036561789729393391892105667629999
cryptostamp-2,3472795768270095310002227847977020495571365562
patrik,733816633391715451559873698085746466002937779976
meinecryptosammlung,1253760533891418378339498929302563029734276081478
overjoyedlupo,1105270204749659601331639255217867188545433776536
bitconnect,1049990579722926249580032360475159205507499998420
briefmarken,528538827252807535995755625165675277365267048612
wbuczolich,429735645858032835068528285105920197525184285294
satoshi-little-sister,1049382630338674574429275592363306184644965288609
unique,1124285911233392805231476777699891557889118346285
bitcoin,141784484753012255974791122362594510346817921340
philatelist,490425353190104043737147992011161151858869013422
cs1,23405472086817724588139625287256396952457560870
cryptopaul,1051301961708615394294500277043436253438566914797
collection12345,912042218582363753780040278399149324333032560894
cryptos,483729414143362567955146332324322723530955639248
stampi,1152169949089799360655091386007131918972924013577
cryptoaj,1427859246851456688521696806423087048154309131777
austria,896556182183202358812948790982771465948671623620
hover82,412325442866380377149628862312433094243285504138
0xbull,594795970098172120997411429247994267032962443822
woodoo,813862012367775163442592623429284723026141364273
melina2015,1309191007096437093111607329787243051029858765944
mf,45698840456115454855023088439562991933714245399
vitalik,4109258502643436939109367931305240059458290240
stampcollection,695210780679910683969184481462533244400404726753
0x445cb1e11faeeef292dbf668e0a93e,1310592485133079889460417552970981249619963224798
iloveaustria,96515468248841116959972544527432829211872793030
2020collection,1192696682126747270248351095553036809606632465988
imperator69,1374392165164629806027332848878079364975542989037
chris21,144855612675860848545988212513750115882415837340
ghost,73779220393740500540268663318304894521616406302
allxx,918895796828799094723837510628519929529011169957
philateiste,483401111955388243117377084137766157021773494221
prestigeworldwide,1370204855172730447879897964240283906421188717047
goldenunicorn,1375013474807467765369988500574482082840030256897
batman,286824216912829235519292763055910248985937075459
pranked,843222014500457607962730836561486415156973693678
beecash,721743177650796994742698713024707380481671469291
daniel,173294964124462865319800579722532857982540489929
loveitalready,1081881601876960380517827970313993065579695957309
sammlung,768480584295779374594851162731107615584258874675
cryptophilatelist,879387456178006763070696796012176281692569030140
cs2-sammlung,1942771322248331868403632841811230892318869348
hp3,116272066883645989588819524265582477564123545749
goldenoli,266112252318118800492624687399379950659707997941
texwiller,1112332429251302988793922096739041316206780679279
hp1,1010463872735373687826307231035305165365574755843
d-sammlung,134561546544796565644435722064715888392524037677
mite1200,780016452429466926076685793024927035858256012809
hp4,1338351375285933101540513055986961989098683089455
hp2,870321314524569230912311750955708640406756447542
ttsby,1367769976847450754974922614417229622002324548529
hp5,1251530880168086881602731476640915915094969369452
vip,779862493740575428296377325279256982430807100048
hp10,111221029222657271958816872301880387343101901148
stampymcstampface,781423302165800827430570086338220875667334816326
rollover,730069916076376142528772770186728028989280401157
stamp2020,547815693894727432665117854881364779018272380573
hp6,868691637556436979484448295754335173071405935262
bitconnect2,97675202779467621490818555398190463194271791221
freak,843206580584894197226499539077704279388508692264
david,917349019443354643530767753150014334504318025401
1973,337508338699519737501416512699437874160348904514
hpns1,441325879078846096931125630364985317753871092013
x,744463786833370262007732263924207691830965729752
neu,1274060511010466184642793467120389606415902315574
goldendoge,443639158132505510153504598807167296681682764088
koni,63292394477312460117007182257446669976002448601
133,863459424551415871804887920542788504092140388148
pia,726152688825556104192031896169642116938573098125
59ff2f,183631101109006630062575812156877565484133242739
hp7,1281459506075413346233030703316814663000739262450
master,746821882871750690724672760580466734432935611333
post,1220815035551677652317614066539837793743976903228
collectibles,911139854384038528040621462656616785871307066411
crypto,936917992284956654303313757861070246943145592410
toto2,34892088170462971927280606111895217105665007836
eth,996336620908517467269785906524528560969528861638
stamps,120746819045981797995312372033261061032246422204
collect,708962822911865490463504658993551794243050361796
0x9166735ca1160b5a63,487157105928957933290684240813051547937688912887
ching,1280670681564870679169315530978991301337572927598
klarstefan,258507276320484188097064304172717379379218557607
tex2,1168089271323063369661827652749361773833596426634
l33t,320568869695589696462834062717263379227886452185
roll2,740161052215411290330217863054858545516464249621
lucas,164317745888736079159859492231370985160551155808
roll3,1078191156175126147686141246843940476370909163589
kryptobriefmarke,1400060257315207219981293368146742786985423581264
etherunivers,1243775376179555543233636319390515190585684978164
ksthenics,215968221704736935679758344256319591799209965693
libra,1129852559297142065281463516447899993856641255184
cryptocreatures,1010194120836321757474406413464142216808326655096
jim,916220583860088174662762943678406856410215829642
duke,735519837655311771964689759620290321480966752493
telestamps,1362046107176024598314956424932566972793688481256
stemparium,880172366995429567131803750305219014084627087628
poehn,70759364279424741547636003132315492281965938580
yolo,1358119156089064284005269134587039907656315800604
cryptosteffen,1292288195563721540985183769474420708930550190540
co,556623064293003640669990484401058436632366234144
prestigecopycat,1164635842944369764972273664331622454441820441681
philippcs,668501118727826932771581034961006291141858063485
puma,343769761750533702511888293192413240293944584241
lippiscryptostamps2,957831686985655666773536801175123656773654902640
zvo,57953906695230873478125176486502685741083525957
blockpit,15720773675026089593907576348957332152206230808
agrawas,692898930008327877238811581717519575189743281532
marsel,420907739186128769680968136658415179973418866584
satoshiszoo,965049646526982850769553774164393608702588899083
matthias,1179293204504279355907565226364913291417214665603
chrisinstamps,259564388004502138027537104026135580309499984547
tschuuulys,260007390301267388657879286691459712598299362062
crypt,908083133027866381624184152849718033372647207921
hierzn,692479497923558637818769929671721520531143313215
lama,219210760492646127977845588339725225473671422853
un1corn,1409590387505587897922053732380344995083924018199
tsp-collectible,601264254805001192733537277553046593405997505447
nosey,14186535581791523327773981296150217693048110616
sammler,1443478146665039194921961763144135584927450256024
crypto1,1219301567299811576875978495562842874401199362852
llamacurl,462044935019565945041257581028451083673364510304
laurenz,948717685254969122971707021579583614496896653402
axr,552669318991070057632237096446075184417763242445
monsberger,1180952216886484205429002453258873975606497918620
pipo,1313383802973960286266958984478787480316238758966
toffmon,617532391075189832610769061067263770869852670866
saibot90,450384635920192700277135578787195514617443823180
danko26,889116107077141952028759402544364841591419055979
cryptostamp1,1458865618479168550632708693383735318014535740527
crypro-nutz,780392000274844941386460033019405476644515912926
sascha,370068158687489338755521567377548808663123193905
cpyrc,330185234985712597617969762856696752711909194314
balzerama,350784259680259676662591452634637010571415563275
pepsch,659530142087841362036008765598324284910941529674
cryptofit,67652387410662124130827611424167265658112063294
crstamps,1460052324395835991009056761103315964838904109871
cocolina,1088196436499922930775419890691340629303210994727
cryptostampeth,1049727363351191715467700908627721952649989074152
sebastian,1102554322837769312691067991886001822280221864816
janemil,609925043683363551801186260896338298518804441633
aequis,1265725744332418353199408025322595100942479582676
bilbostamps,1330826932807571998427966810027374014188594129672
andi16,813287598854360532632824705454852209151366499340
zephyrs,285411119029321682943538985097130267046524348859
chairman,754340435865166306803251422566642432840424255033
chairman500,253915730271744575773411990203984795613651821579
hex,1141595468620287250547945968031007499035523710534
stampbook,685204151573316157979452852569657445699468504249
charizard,976064572035182607860355574996425444054214046659
metoao,1397893639367409890473763242036048201689805732604
runlevel,809950947616022653907041040125583425539728539819
eightys,864278458245292031059054792053608400157809401180
krypto,561571073975646379676858943628125686581590700852
chrysen,144831138886877176936154359685339566187892611788
meinecryptostamps,659208974193229575089396794652721633073061551776
dragonho,569694543720886795663859202030691745706469780342
jeannine,448725909818164978222655672581871940855103514651
unspecified-art,1233210852131287579360125918273286368016576644914
bernhard230286,469412799360651983044535659213850961177035487650
eth2sc,447047829137209635464074933767202339499316319161
lav322,1455072229688808612880810197675664933540756676705
0xcf0c50b7ea8af37d57380a0ac199d5,1134231861497845634307636145167615840482099988957
letizia01,524628785819137453767350431027766917715803397066
pandaaustria,1109114121283733574446192211940715016304926087235
mycryptostamps,1164280065543033878743143256571804381933468566254
fucking-fee-eating-shit,1311950698654774168999680980464789450201375870519
collector,1308585650195157278716726377184917795631560045290
288,1337940670425721291078983552187492724969594494840
ironhead,1319570423481425477149690855199604346895950797930
d23,776294639096737855534708964516409924648432920218
makscolletcts,1288328737589409943780112602476805863966222067797
easy212,821713156842686012407512888992092888460634445460
easy212b,331951015402555208086925619124648972015744893048
60133,614208909183928476865341294814357519177226210977
mandel,932385881358172658566887672261927308624443527304
coleccionista,587279572410546215146384663299747123274311582410
coinpirate,396156925406409755276989110400851641449007507513
mell0rdzz,929444112519609168694962456612700262810532727312
collection42069,1131986073980169467708123002167125976632151478093
gizmo99,141311900658997617955398600280944223309389074578
helium,339774045411260985546597143138452116070728487945
md,695090685484978621760452529450208844600006077164
bobo123,215242757348540493712411696400491195547694810514
max,823260509709466178013421291338280535303880093042
budschitz,723282210749709780875592037132402715128644022479
gold,601648332720403880975422494420483208001555420164
joe,1182638011463259159430202316806839486763778793283
heinz,1341501965627169397315178855098896005256937920273
cryptozoozj,546377844466792725412940005252685661632215380055
steinbacher,574412114253985940666996588867672299813751766038
ketist,279001886622288060472710990983553529179726109089
cs,526864730216226334322137924978543877243681076385
sizief,1164545622494505763719778626442907823660140635980
lorenzos,16548826899265437021531820645252655288197360357
adam,656389689863383372160989025929446081194572863989
romantipp,1321826046185613665963529627428098996989882029539
zombiecapital,643317282259911310417810718900341172644359723233
thomasciza,149688919409593308636030850053109708095932514589
scharf,909574486807247801804174393382021952412973880802
mol,635823831600685799531444895094010026406940235885
collectione,157592235357255651387968012285331099336898997001
roekels,934574968430755664417055358489550854413141527493
maxamillion,887935250814574535405113153893885470615678960678
alan,693175399162100760883143374023055120098381615203
dahoo,976683290760318775645656899692037077797843543753
cryptoschnooks,545221811504630111331466631192105603970833893827
salcedo,258853250627191685759839082362050569428077793069
cstamp2,1456758309231241498895868493952088910759709919817
mz2978,170424089750060960153667671503267874949009850613
wallsreet,219866233629850784765723936124056507470317655203
niedster,728406011314416507627179509461779200906393419610
bitspear,314309572088072466193309202437656403484088609512
nijiryuu,1181054352574357820913499319007611006460372263056
ronstar,1012441641845069990761570722197774868480810624146
fubao,1060628447689152171455135928168880604453434800323
loennenberger,131038990586031608731027420941305271013078339830
lukas,835019676141671104094053578296924218762675866572
marke2,644910383662218508949693527834280576120070825776
kynik,750388044977034683948110317456083791131846772947
art,844409215008845863985259479700731028186395619038
enkkore,389601808941064549932028609178309220723979786460
meinesammlung,1275629089848385301349411568259543778594332185542
mycryptostampcollection,1144249580849081085956123411657059501333727352320
mone,145688646059866530719367011611265377286822779703
marke,1397305908144682168282371379551137166640150962270
simon,1203476271234150532836986715451806505224500533280
miragenikita,657232340985171584742316331405729026689958207831
geoag,1192203390724105501803034788744430169079379392837
hugosammlung,910443949218762002325428815767019486176270474065
christina,8644123327955703921225896258671974086541285822
hazubai,824241080075390799638348279499968287063330371708
manfreds-crypto-stamp,971724807354234800672857171655781730743935861243
dirkschenke,75120300458586278406332056773020320929434730191
maurice,165672383624892644749612695055184184167670483895
juri,1138112321368282490746550343185151497097012647935
terera,716244289131997833588404746178326151432307013766
henkcryptotank,1036715891304843806194219211738666605845255909942
owlcatz,571844095093662019664266219272023000711418325080
cryptofan,232824155144165778340110544280509802612344140712
hallo,1231727933540823084351074642441206433850196616004
alan82,1003865805674909570700222707567383875281887001520
vicilodeon,53417164195263247544612528729667983051404438449
c,579596633445500295866898371323433053674949229087
b,15561959574997970383072752210176417753346447012
0,678202353990685005316957355152447112240068426229
crypto21111,742662036751677995255140886776065411546866644926
schwarz,976735592409153152741557700082435582220647287946
coinlevel,687842373086514235081181348586096719195539430603
dogeislove,1023636269165613146590802905983882485310636443343
easymca,1007152108644019843692804252430422388055948610046
wethii,517386565526434565319121914998491318505467966640
unicornhuntress,146992484413676337932293198973859937948464971233
jawe7700,991247435369392369683023367900995079625994042181
prime,896860566607142294912520392310249420070805326227
johnsmegasammulung,800353516451889846563964059937448066164607495405
tomfrielink,1303693701226215751504225235485823407077449719887
jackunited,1224401827171961735356653141953907769167981896743
agmen,1000327923134575108653396798484019710421967474375
tigerstamp,1437499742609097951103395522076390851279506221577
thomasfoolery,1256188578637344000649423095128016072480693030332
megstamps,116113598437498798880606607927375199254819129003
noyce,608521554324457349599288470005317368449416483296
arau77crypto,1059032126926479164145908950859522249226557855867
cyptostamps2020,1348981145761605841177433116161636419551597732740
leopold,171580741272020964407633083901800700553035126360
protozen,733858403298955940272634795399245962775624292303
patschbum,602023017916862676434058193606008318333141349155
dean,965363186726877494350512084721806091146621989331
durkluf,148440355197460144781791305202831578939134945857
fuck,1268676840941612110800368031180067712904703971443
bigf4581atdiscord,1135958362858831522891270931672258293524923397672
meiki,512917666597763098055547490065522266998544985651
ashp1975,1376955113087280247130664488690317025616129703368
leandro,83025745301216955586194856254324295200115637641
hoelo,1309340264276100400657774376399443924846886664666
laughinginthedesert,95788419551847129635693002689151960815450985117
10x2020,489431809376489554819904564989295626597329523672
naturbursch,236450327492512578634099178695424448644908833185
opensea,642795588143331702507037152961054903064603053814
interesting-codes,993463587154446499638977179190517030200819942101
dogecollection,13218586396941704724068883127083961048642388033
10doge10panda10badger10llama,1327295387704228490891501122364498399131289907976
ch1,267196967814532568107486378686867355462000167919
llamacollection,516062596856855368989583473116944384917415067466
cryptostampsven,1350624373351150440141623864573869829979276123556
pandacollection,803200865904868882649052240867558880556510039653
honeybadgercollection,988044360445882511185526335255915476629206127002
juppystampcollector,1314967957519449544664372421310977584339930342171
6q39up,499952383389782508900928511517249095492771329507
thxforpayingmygas,774073555296348265737210015933166722875856204032
zeljkoblagojevic,352555478621193282224922516595760738941736012930
complete-cs1-cs2-set,44674550097821030899107668507631607844348444873
cryptorobby,117160410369048782146542889449138597223859506411
giraeffleaeffle,1437619290981369543739462642197956004500942918209
crypto-chris,5620650538249121798016151745244050864124185951
hansgeorg,55563918652167688147221866616559629552510337059
whaleshark1,172308392269287984759336899345881930874898158399
julius,1050602961965071841195817400891715694932135543412
tiere,1328652885378940243885935666656690196599783541471
crypt0stamp,1315795508973062822803054585568596901611479689134
cryptochris,1036952941386305219850663416883882233009891085587
snoop-doge,371129145546390162705200798147654202443666368326
kk-crypto-stamps,516106842945645201830636398490584606740422520388
marken,478023109563571704493752819064403238276822129970
kepplomat,775897899203065934038119111616349458118322121308
classic23,500869687072670300282913350272134861674574924354
test,177378808792197206450778364275817938156777505779
dadolincic,503077092534026722019373343743347660166781858368
red-honeybadger,1252179361294882182843724860844015804002138881444
michaelstamp,889664851986019825941216976472001214621565341764
best,434240148061081338903419327997812963932885484062
00008,1297041892030256369766026042986737101964643683443
paranew,1154399212660967230816547675952579998808595829383
philipp,1380305894902755427782171636229693374700469107150
fernando,185139606950536568750414302871950846492040642646
mannhelmut,462840152581404879670367985732167171886320533494
cyber,580121149081489320017641580062059711512969087636
paranoidnakamoto,82175571092906932377558287087696497967918060063
album,707610391665990504133698525810296354219422005914
06-2020,1155249867544686689842121689291290542625973046555
1-added-every-day-until-you-buy,509705323578576981712603265881675019069086049907
mbenet,961524712743585038252827527858410670016443371175
kengeo,465776923312356124708386736846034763458918408278
cryptostamps20,937351771042342869742286039553283426175098554237
smuna,980488008299733864255159762166949570203640100543
peddaahh,1131188182406955223109312861608063398012690668984
privat,208585641063818460689014588247560036925402798752
red-panda,1398046516730467562899240796992629068936059342519
stampthepamp,1253778277178116255706888305082054032984037864588
denisereckmettendorf,367987211169843091816310355372822787586080418320
finestmax,300423236613160485587747942607879579854236663663
schani,897568797111776058935111296699724287220308930414
sonja,1409810888652967580935439414835696061614857902268
amon,1309975924992536021215084960173655048303715055626
ak,883441691966948818149349966160350279278976312710
shortcut,630376559982571498236128604164352295280825023616
lama2,506530745187385635381276150178137954834748340788
martinbitcointrader,752328483487796652893545057325126913389107951215
hammerthe8,750415958164868686079241288887596583426494769545
bitstampwallet,847390671169657516478007131303780825990873220445
zoo,1244558781296133439226727996470446454301914762550
thegasisonyou,426633402663060839542568775313483581007436538896
inter,1217335636254367318841161836792456449190561470152
edapostcrypto,561016285645975546953608665538207797447026163519
haia,721917928148479503916789670669038111803032905160
rainer,348988585071239717908855731277905769755759163678
sky,236302034777541326475586285371794255708006206176
cryptostamps2,807392016800294288066398816049299685523862946598
cryptostamps1,656114190650876876750866738935018980859466508313
cryptostamps3,613796284591554651779756607913106796713391345802
collection1,1067862224431786452553058538084526900434134504818
g4sp4rd,1226686878984136002868750645703824867843153145638
otherbright,438078883990692770161240231757157316520730389610
cryptopiaone,990441286389750840024851368013897189519362560326
muchdogesuchwow,613899998796235061208230599300321237410795570145
xgh0st,345775222823417405666903353184536930110856779262
kaibador,1085963843670074353070620889332885470939334213421
patrick,1369244546134915156190439126032947726373996540813
platindoge,170883895834647826055245182581619835170403126622
k-paxian,1364438921285793680676858661943138459036606536622
bollo,739395651675667200317071024868863799457750123609
erfolgswelle,618222745209716872453878122322712701815550246513
platinwale,1448317657417280707637031263021067765038392826427
cryptodoge,876219864753478911224563867290916583598188160787
cryptostampmaster,1013588353351087070695783952393762635084169582983
underrate,308323728681959128536290442482255135218405642378
andyscryptostamps,888393495576517449855038397892772650671859865249
andreascryptostamps,497383000123090334873676007489214745181354870766
worldzoo,1426853859503464424855274723906902570146485035506
austriancryptostamp,451861012814642719830521524919790669743323732536
omegaat,1147242100017642938040717399234473907371906626802
dogedogedoge,537919709569465908199795798737505485801418487602
pholly,92656800096137530354941536627742429369633907795
cyra123,912222525167972525248337289458142184849950742537
wwo-cryptostamps,1174387074746211900855238866394884659580689273223
atstamps,882905673309382295623635292414901396981310372621
allestamps,891159296282617655202649520322647855379663588710
ambrose,1338980801014122114708904424995484834981226452987
mk1975,720860274507629958202789840637991831080811306398
alpindoge,143234655003528230660389764297000333246928251747
maubil,1290139773469908764923509515357057656306757695347
meinestamp,866508253794537144944997540596643251470570146196
4711,271416436530492042976897411771376501105627548791
cryptstamps,1456739585027780635506223859080322373122910889167
cryptostamp007,1068186356549177060569862090934268529140164167661
all-animals-blue,713193455334474242102195366442731604348924274974
reddoge,184225030017904464709338320117165646077484136451
redunicorn,619662429927327943983035967840597846358750887179
zoocollection,1213586175699398947198225803575003397826189323119
cs2weninger,568336864329768536009785038609638337930839404907
kalinoff,1379162839601273621167182093755122444395803366526
tomcryptostamp,106460377303228774062537844064422505645179322457
chao7ic,801658814400420205415063021082956066258538037097
crypto-stamp-stue,1235983978904166084478085007830911261606302956654
mystampcollection,1379769209409709766237705143758705704527291287187
maxim,1366158979831912053680900375572100732986782558384
onkelbutterbrot,1297228214764796822660748955098141047492603042571
cs0xda,458378588693214625133573567889118467211324491055
meinekleinesammlung,596423062002937212059901750584988065347412568904
stamps2,1089722997639606487734339944607111774555562272454
dani,1360514184295653587427879616613355056933383209175
ralle-lama,248229601490305907017377878048479179242770703126
ric,802823986054875190951683286045029522996773847130
anhof1234,1387272384819416276580434810572990262889212337476
unityofmulti,723520047174165951481366451719611583501642454838
stu,1352501889700570908596653940490912786705837630058
blackstampsmatter,258862536384746024275635692843308524255744868111
cryptosammlung,940035690408774111476508795870099194523436740931
sammlungvonrinor,106872904201882423786986325776908994591816653955
crunicorn,1435111934793996876568506766159108311822918917446
noyze,903299616562410538710409304431800667100082405817
ethereum,980637596535105195002607708264336373975408919333
dh,509897476815808695070986173361997215485352583064
tarzan,1353540692060665640512039521535501778318955094307
ms,1344255452474314084038426004946621496835505546814
stampcrypto,362686940965027961539361255333803578023668730087
honk,1369285317637327224220330596051269783840692727642
saby,1116642953393094945004610143758128777041320590051
xander2one,1067192144365693702923433871723374045831681100702
tomcrypto,1095889814697875180228766752936869731968893846628
stampdeborah2020,156016242055148837268304793635107002059367462322
haidi50hk,961095024309543782810722089251392651300373609546
gowest,575231202566439878867980865860260340369451143577
arturerfurt,1190832644572944944400083494517766269637431999114
btoborg,1354197340104308316907400034783113609044574094779
charlycrypto,948504090920718213640775739941139524569515694962
pixxelcrasher,323446668346249421990143002741783826197710280219
aldituette,1064300651379343584542107750984280357538833039978
mabo2015,469061668484215872829949165177390392296652977052
jj67,468066068812452557213054134815081933671177408825
lowcap,721518082422363725210446450132909040784400976953
robfird,649873556486902950589820621814092706346155732572
cs3,862148578197696183465196121144029190507683082850
jmgn,172349433662977520112501706876939129122762479573
illglory,1203068888136354485946408902681849297101102528040
cryptomatrix,7581289976554091791749232787287718599445418644
goldunicorn,426804478155063792777430517500715952487153868938
dogehouse,650911606122441010895479933186186380341330457298
andreasth,511647986594819089687203045423416363424423033625
mycs,766157372263427941391902848959624434251858536642
wandhydrant,625072113158914055684029483113165465286502539333
vncoll,1398276378539897104563743129283174113244111453193
fireball,1351899036477880220671205483267636477188062356274
wale,1000105865410750579626465469607838597514439885399
totalgold,754088833962030458208538878075471364004078547938
auction,623168086419203804931753154989049941867654860876
aquila01,804414208807281913039748022518453241520135635717
redcollection,732510720920255858564112563809543606502465666908
cs2stamps,634202762491201160230402303060044377847191436440
cs2pandas,457875999406784970971201425653579395836046292375
rene,902658444934408620527248259125491683483411419270
cselig,1036782688952436437484120549879902719438172221033
bcyber,1315513890458562277223899520270497100782730321756
cryptamp,1453155432270845259842105615179565221922803433221
delgri,7742024492382535504279654419971011922482437496
cs2-all-animals-black-to-yellow,773872398060461782068801462468101899561796515450
kurt,1098611368109073882494428845233011798917560468588
enrico,554246897100104507161909851142421886794279265641
demichiel,193246997349339850093337289110459318328303015444
schrotch,390944651991840486569615607639507343399457067315
crypto-stamp-edition-2,49597763427599749886435067396871206141790269292
yellowdoge,671515802831458240116522723053850537831326282445
jonas,1039479281559120189958551037938217621902628546437
dogecolor,1186472228412493169483623205803527575805149291465
morrigan,1000855186099755573337924361460301872592523039660
zoey,1343548516360828048113762971936586098253464587767
redbox,975145207114108181925824163603619259429788494483
fordappl,1150525549595409179217926061450112480550370355956
sunshine111,1170244428803564932691603368286713032944172182514
satoshi,688394342085475839383736408702058436871380046846
soi15,745432244622285750773903729597934460025567149680
cs2020,1041536707595141606608122276767759588079360867469
satoshinakamoto,1239330945839696072868311079545753279313578323845
lobermeier,312117699568533057739877974839640862189339134515
cryptostamps01,1023419360576384409515155102685516032803827476754
slam,1040839292278033641970688278676910053827531441507
davidgreil,1436831417637019709611679012871002396469840718377
cryptochiller,798561033485683366311965979008452571191913573684
kartal,1317195609063486121875875381699166828196821016152
outofthinair,483083688691653409195207018289188818042152620046
cryptojunky,781581125250137519200209338666607747243914883781
2-0,160612859030460476302540826922868045215036145768
honigdachs,942248419206592517294901105179043546955286403575
roi,159234634246070006054821126781478431375659429283
retoscryptostamps,1288246223188486896227135019375313714361875332194
rocknroll,917282374213079237205854909190293081094534021825
niceguy,612277988692457152639201074600986649254790005034
super12,1205523549435291952264019269075997229491381447036
nicegirl,1043899782545455546443138352924212753655741593215
hello,694551308790897280523559704968660196981388353867
hello33,356616909017644271785179243002736683369104017129
schlawinovic,1142317846379658587867210325222293470799623425565
ela,1077471111459600701343857041405984500570629543427
unicorn604,274628950977820618129514857205559566730973849603
090720,211471820512220190022721653522613590594179314018
ruhisstamps,849723484164952283570604038554992575975814118609
barbara1,635024666139231039931466941569881796108707033979
ballking,759579179160877500688894671410325920774244793741
ether,1430795189779015715211910902143533917172761763943
putino,1146844870906636133160308631002494165186983837835
stampguy,1010027545782346314171625653244947488972096239381
cryptobriefmarken,549575677238174932619762935848570742268021138966
glochajuly2020,37668105502573315903610005359976225958691317026
kaufcoll,1145695219979093336920859237206853749212676254625
golden,561229876990325008257824058244470579906877563121
lilbigkreature,717103598324219633966445445271557008870824831225
elcastor,760641003537479124946914256555230374834686281830
christiangorbach,657787045681644955188176560697248647905579140463
polareulesammlung,426097268142634194747099530881700747137614821556
nfts,1040519465925776149910213951520249718642696919713
itsmine,1162197480710374073283118446965007319089832578243
2,969802761404783736417989278594790996123255530845
cryptophkolumbus,529478757422107833141293749819043836433368093769
carlos,240067538740786535892491030980476419835809786660
herby14,913556855620470158117525873626353694847912035875
lama1,245566847125840153018137860482990242233387267957
firstleveldinu84,1376206076031847906148135257667116142072277603691
cryptowiener,1338637821103134321181364749568867743696234852481
markice,962975285554533674225275061660003309231360818085
schiefer,516779662191897869908203275703761444841329351022
jojooriginal,1179463776747447658180545730244012872943950405044
michili,1448049430483204533360634775524800135813166075416
china,1059957092491576610876996690450546416894141710865
japan,226960123275491187365128129047249435789884950984
jurcoin,964373015011988161025124289479787345829947312699
psy-doge,999609966771458821345458653387221590419404807971
cryptojesus,293763138323187317325750407525034684599421943579
philbert,78021024364206041830257540647244761102228722515
stampcollection123,343245441482142547041603757143554063156179023411
crypto9535,1359939473279834283597330870074857902261430928640
mywallet,485901077418557527591167036657921334903989971267
stampcollect,489169155447227310866103812262158587994850663961
plautz,134620941509187967836655521898003420726633681401
c64,324396202826081733077478391613739775290747195498
raspi2cstamps,1054157418416068455130029987602793090036045714393
stampsngb56,971693162369825284910355602288904801076867205842
kalps,348178756514304906476118218691780100257614630619
testcryptostamps,1356728395964184257826536508593251860284019934778
first-collection,487453748642006555611921964341882191228883967104
klavierdude,1387159715150212208885928614068017291715997234314
physical,60176566345673018806892207812296580734396382403
manou,645578613233735835240575137733828449012836825814
harley,941009519890446686644774683028810483487577617255
mrprint,1362337171117420360202169632563268179014859295516
pmk4502,1393518724352312094478546778559651014233415451488
digitalstamp,1421876812919819218217997966601327055422883557210
cryptohigh,818569229419027929070582993896922043481334589970
blockchain,1425518114301429716199742761011386907719282626792
cs1-cs2-cs3,1305975974087984687828696926871754723704149243461
puchmaxi,1210976215686750009485878096518515225077264642930
hannaramhapp,1254434640873465182935820803636142583052618377649
inlovewith,1427937623470886733767979376483838757352424691079
digitalzoo,787298776447006075171751791933839751086449738736
reinhard,197629244776475157449195057492854018525762546786
lechiffre,1222889154548942826367941443018977026172709671539
cry,710594244955092389481572792079843151695307251401
free,945694160031844592693632219289626282019948920089
mgcollection,1031235286630300556382548669718481495109876570777
lena,255307469770461291693417259812822488487490834437
postsammlung1,1361735681289988394470588159845911248104583752247
spigart,258906708905066379419298937852663497770254612710
cryptostampbarabba,959991670733172930760719855338983284947218311318
avocado,379446202774618528496187177501863813242804154830
andreas-oca,252508436313835122226263783258751347809031476468
mycollection-cl,779152278367125413381403522866422586602253439262
zilla,936073404387008514659686361967882606116955569179
viteka,1338514819509150208099243650302097144779924296
neumanncollection,9680966323917051301894305116826390486305388661
amstamps,332164353628085513578862796358623723725752087149
cryptopiacs1,19937026106586271126148219352191844508788745037
corrosive,1078442266343776645014829213009014217205531240707
mert,395545878536120172911371336952910046452933869713
unicornforpeace,1020591948690078404398181101407173295913483149479
spritzwein,879855392339811250714168029786580410020218216322
kryptopher,322205328052568899267552045838616113924694161697
bytebull,170184744858683085941439523952256913160117556989
rekt,392012471828376433014746034271323277081923955378
hazubai1,548607397836194747172706119202673865781973662841
sabsibabsi,300253606519777473800773316399012729483622497327
4nhfat,823825804289261015517788929716924637858311818308
lxgr,861154149259826801389865081678630977078640482009
cryptostampcollection,31576037128499228131923748212432608256864424638
hashtagacollection,1008008598098690643609792164986835468005876154429
djtowlie,369870481564132876801342361761143068981246333105
chaiden92,1330700561789367781847872852613895455173687799759
flojoe,870153964986518447498623060759133729457017916370
dmoney,1012704154518079847278723420303360503609400927455
somestamps,117452914538677807509783812361221087388792172275
cryptopiauc1,1318976739138571211230893087150499060125186185254
rarestamp,1204537760234819554166677036737483035919503144450
thez00,777945536315209274569888459683210335086248754053
varg-vegard,1075914292399080111142826856266069165048375534587
cryptomarke,666536874579385528866777758795999193481845628325
thebartoc,255101603173630015485573119852971114943663508284
harry,753751554084961353833689220846652837531075126079
pindakaas,66879383308129590924595231752216029064084790981
mathis,642403651763831582267732101456712841487193128388
jteg,695647681401793513077472565813103106253423311917
agmen123,1170068568888648791306273458996950447393691729904
crypto-king,354710302600556349704761049793475338027158221779
agmen1,201282647008463292560849624732556987670817711601
pengoo,589034517911413452107217463405182663269244052762
lexi,657425129894545007779504239734763517145390167
sevenforce,1324359042922922435246930810212106483914962655512
chain,320334245249668324235695112138457975624248411903
chainlink,1209448632236309765731852567306939031863755344967
cryptostamp2bargehr,300529635212453902567376014521259164110727600840
onchainkauf,664620417966308471433481997409949843089661103773
goldeneeinhorn,1106473203309443535655410834348672951788104633579
moli,736664005211337612168514371948041902207389217490
qprjct,141189115789385237663691005638820814760435430887
blacktux88,724576993420034300550874097037353006490639800133
mojowelry,1113005628812677653646465903673780670504933360890
skcrypto,690817196681632082985952131710467002399389840478
mrlu,788210724110270083435706392140324351201939256296
sectumsempra,538448924706843130314633381547065841092421202701
thomaus,520480537576252524118111864875212285039876181996
crypto-stamp-2-go-for-gold,1335845543835408746502869055875798564020303635339
qnicorn,325745941788064347667160595434603527252899969087
goldenqnicorn,1118061869150986544021716355635692086314871985572
winnerwinnerchickendinner,734648036599635947838805499905201664399905154376
honigdaqs,19461831485946907637780629040560775018254392888
ingo,1019860307760411980467927403029127633508412231917
tierchen,1311530322702111296203444523676198270763273121414
easypeasy,951029427328052211239014328109216227021620726789
poleseter,975505811430366015520267216823689371389200143165
golddigger,697490137311403361559831440539407487856135890573
diereiters,1113741341993441454665212727541311940473889610542
marblemadness,715889554977930733073457615964057217284845326238
qlama,553786356871097986040610465262191798682117488175
legendary,873920428996986448153052461565388948251892443078
aether,109007314959443918536732762562968378314211191019
qdoge,1319012013415998556561551917095088999219578589917
cardano,657023349521013913061011722804934965894284624559
btfd,318249491584562279467614216863354256959477373764
lamaqorn,1081136786691762165474937105629781615857720221355
hoernchen,1401153680542520866320194659620128404816548793007
susyq,1244976952166919066825478396428944915611413320984
henry94,563271496683356675767788662071439726546226347709
collectas,715073868617909805091685745294623851589623719985
cryptosstamp,176363478128557237462748248044391341991258603919
uniqorn,106648432772601321920463947416777557201978317952
derlord,805891984336892930910643169177032941522541677759
sinkraft,754470752648243323795984035291871618401997944435
lordhoernchen,946272428282330796646534392191000860825179245828
dogelover,866525756688058179171951152867767724060608365155
ini,719639693285556256984844973017878774476883329598
cpure79,797586926322460698964025797119439409355101584539
austrosrpskicryptocollect,546010181087990442085787886669055468699830200576
alberts29121986,1277531617350210920407590616742457472650356586975
dogequeen,748124866969364500992895020623280388480246834513
playnight,1149429660242987341161949976691739855818442537948
goldenunicorn1,498259839233456509418298698316920942635367868449
snysni,1241695006974656121841030908520321000595786310105
sebi,480890777437708328355279079815070808943140360522
rudi,269979502578404173311570688349199895237388242651
matze,1146964158708104296771638987776864160195391182600
davidhasselhoff,931239031734390741398969532417617249085833073158
proxaro,782513067112321325911471795216373482468159596398
briefmarkensammlung,454159388792922857037952558273537151020889904466
stefan,505695517630044846909296679082108124611846501731
nakamoto,1063144377694352191143246899061877729471764248998
fruhmy,357085536458773245060868735841203492009513468805
nizi,864758729015113650756064677623465421351924042871
maessinonervensaege1,199712588360871411604011350732367354383664576832
austrian,878678766358215525571978046630038953929031464082
tokyo,1182371233110540423934120485765814755204749367148
cryptogandalf,665442584604341034034027616143698497784446861415
alex,915726965247233234719843814659641542683688667216
vanillathunder,764761190757217794578199598948063361543628370623
korea,843395339515268405457347023245726913476235446355
unicorncollector,425039342572982389466675627030199213980525409360
pepe,410128844149552184050547640036007255116672105031
fucktrump,770869757487253583834181998562689304509996454276
smilodon,906761598492645124183747658221807815307918749312
wien,1069475334779786098343027189323119710353868349651
anon,951340408184301335466859865020821418666475488029
elonmusk,53939643674480045085034943167858634220037334453
goldenboy,502206995374618550801692271441521687330396643754
jabman,354004961660194950817681941674801794086757746372
allstamps,1423973680516407423250012952017029607366323679240
martinscrypto,88130746877976027989307639591878623721203314879
globox,1084647449151920475702713001071116064542464480913
wazuuup,1249380167599220270512587506377881428967731207704
pide,430271452054321699385634956984352786107164953663
obama,1300570893494906753243774699636551885909858141620
dachs,428778405303177367923737867134788606271747681011
russia,1414594605501767805989572268728769486656650110170
cs-private,628059207662495399367247367613605487622376980319
csx,783574000854995725945596663367191557601513421190
tafuash,765483541954971902021851488051304693768508636673
yeppi,543854295985682495182292146703395886333112347737
ei-ho-la-pa-do,268497719683143347503816856821751330399531432890
stampshop,808217937397930629515830567230728303064932252801
2412,2869591374789303334473543462940857335830931730
golddigger1,398032108705553166219618688923690257483566752015
cs2physical,840535364993039684771520595569053935906132128554
dachsi1,1400648347834582501220802669739345253563700132961
eukalyptus-fresser,1014430091443727215763896249912010339277871398847
blue-panda,703116402074280411433808729043231906534722302758
21f6e6,1043207105393679941593232444286284029183529675063
black-panda,843083165952192052204901430547543849391496337268
talis,5589715784535278011011895851130930984380473155
black-panter,1360290642008990737502845079799517057009177962903
6dig-panda,619669644454384235335283524434643974082482124764
sellopostal,247607123213634204532820809362805110179190673051
soloy,226395025101781667850407417689703803883860716448
paaandaaa,151257012187639919463773619867399010431376374681
midas,797916465117453423895999033924484280923041993450
hades,973506364436754787186029419828876808925651379141
sammelmeistersammlung,967910390070245892313622615081554909510418423830
pennywisecrypto,811408594768425402876943871238528284537364194854
jimmy,1329004501849793559895487267313704830429111861433
py,1061963806972775018880315168086370513584976126
marco,632864553203090766970034828541274715527776913062
0302196717061966wolfman,143776639695637666529639881213615388873649204572
pandabear,1263926330874676348632502515722450002283139089105
bleistift,1023718924860065255301397140141675290435572254725
anth2,1372343079164733486551159239868041698622559083267
black,1114981608403529390414988373055431122508066756521
balu,799071883411921290881971593338701181037551734392
jazavac,564530212943519142980365624568919304782288421596
horshik,1386192161920292333467797972808014587379008208295
danielb,894293589120939766629212734416900506408414088324
cryptopunk,1060400315996071222370003267458513764595844137830
udhunarayanan27,748978869240583845735536638526294797438501413782
mastercollector,1122744617811610476551377114054075568113470409691
manuelkrstore,1201279346500950431002366256560644074751438084976
hermann,251689526964961920207517787440269115426622590532
gold1,165657929601415062800542943554673709649185532540
ethexpert,1047734712102563346033337515986233807277011725001
gimme,1439082123548742610172180370660487840931305130800
ccc,807165872994035660922757856732620477537782440417
cryptojes,145614998033078006245004668360717111443468505151
rost,110618106089287901090089548818933412112300810672
lakai01,501962982981988391733700229014052239066923079025
cs1rulezzz,53137746619144502453462187446257631162719559529
laurenz2707,137934364627409683829433436430171394539139145283
benjamin,351006237410464542455596078839462379281864950575
patrickscs2,1374501538371099806382663691753971983058705618862
jaja,592884280466909387233376505397811636554508844026
gold-hunter,116499518802750362509199652447358530470078063658
bobbys,459842169959375661816471561561870032444261494552
beatcoin,299525536855669260302279406707808186295533206730
btc-stamp,570002175395065572613766351624942142569623320007
marioscrypoto,257385686056767410082520551505890624885625997720
bluedoge,459195596430990609782636854488889734228576300990
tenx,963161363762457440412167528732374466277449407801
plotze,168046136451178832350654664614511632335066649909
lamagreen,1379703487312019195482776366135556865964083501527
sany,9753373531667582826924161571180482423728665829
wuffi-wau-wau,292255407252600962870643329219850626224328832539
junimoe19,312325343409366262971654278709202041033870215127
bernhai,581868934904560979277497476171593170185965355091
stonygan,210621104285937559686667401963803449233094853854
0x0035258e,1198513783869424430563635775805227073716170575825
tuaninho,1299095894375458732683442532882194094791085535484
chiarascs2,1023412631778635557599816614631193594030951258684
stampsontheground,448671610231990458345698981229087948670942972482
danielg,295029489901049470210735889752846875197641448420
crpto,37704675241635477210932377883005355298982730158
meinemarken,851533150118114506919758004158164081104465666342
goldenes-einhorn,1441433094857765698781865246255818612751889236079
nicomila2030,503387665043276841764853501160420216527801818147
diepostbringtallenwas,1021267206023697440485828482928243537189724102558
charly,70187044648676919736742280052649205695921444776
mamfred,164871171684624810749392993272714406787840863117
zweihorn,1321497326654244445876194926444052086437418004936
elvira,16788127258027808505187269167930248960504108339
christian,769105585387928284384474965192185374796231496627
fischi2020,323782854146826551129829001528837306569649511695
socialbunny,850092105287842334520721974389330806233141204798
321meins,713899911083489844199307277199672302549426767537
cryptonite,240807893077811984159162314486505995634823948235
3,243539687039044977189111335393022840313929865369
4,859826653342147725014709130267362477795199384603
5,94491179478939245470510516688327764325980466886
satoshi-nakamoto,1166937766292336754604819916677008242724949400424
nobsdigis,256870117003687485986798081842857770478739699651
vitalikbuterin,120472098693472693744659575718736383629036639522
vitalik-buterin,354910575108179873392927110983137546143298106447
tokio,782879517735162133567192158753832511594905359972
scite,784229495633837678058479304403766534086880630387
meins,988685775598638312211187190828577364439641547244
pandacrypto,1269800361112061730989175948657124566803822043024
black-,1221271926091533396154444195564802962145756493371
sandrastaehlin,706650963007406156972516867239725026005205578400
senorgraffo,1449974960357231995548320847694134346157587001549
zezula,60721014289290661726548289461537627955907614704
csgu,195766369370320599834401780812930601859068094177
cs-golden-unicorn,61415978765181338450111917646711557631849345154
crypto-stamp-golden-unicorn,207195108091225970983103034885061449552201957112
animalstamps,901094062269492112862611343257553300985370697166
xxxxxxxxxxxxxxxxxxxxxxxxxxxxxxxx,1360140381752534186238757499960491197270510925532
10,1189500521703874302275676312788927015386247913967
00,424392171306791595113130097844845513181040824799
hiazliner,345763728138576389685388710442486062951962104678
01,1131633058327896505930644043105960156534561746500
blacklivesmatter,133912305064004373597577828849692720912266921402
jaeger,462351659610195523451990392767916126781924592322
40,1230842727732475364908711137485841312755127726016
tiergarten,1368858926023456814792785943608506543434531930365
johnswallet,748876186155472935952494198771786633859831162129
02,430701798885072334219621359550631807967910211177
tiermafia,1153676894966029686012539547679499868479284742869
stibit,1047353909653410680169195711464689485795149440677
03,1067912453073470630208968532012596013065083065555
04,847710996778343060029969506742702284242258020331
05,975290922262848614622432046496252796106365893004
pure,113726767629370226617456463654842385329115231374
escape2k,757581655808505376869123549720341580667180488872
mcmoneysack,1299116894680872079254630687677513468169028759260
maryscollection,1376540223531379133024172924337055381665190631261
xhv,1088027733716590147749189991853028025240207555317
mcmoneysack2,735165536782283678403968662361256947400429680938
-create,1156195546382853948667535435324327217598448321855
mcmoneysack3,543834548938743885067422347698813047260290482258
triglaw,917988451877394252320876972089517074142868316948
arni,1105640336190903158024453933140284369802728205624
outlaw,1118060689432695206784897220196344482461452618461
thegoldenthing,1461393424487396738322141850162133901613422892520
qp,806654578440340411584210667350739091488038202957
mycryptostampscollection,1265856829054925071579032096053762163479586152237
doublju,381342051703755404668123706883850471747915752423
einhorn-gold-kubicorn,40065859013764414112873763746121758305544432688
happy,1014977143063363563745814863704423395734747437737
doublju2,813080466261955648833333532639937602471769716946
heathen,1218770944390022607426329805817841999010946596356
divine,790593644086610078412254946407262151411922611332
germany,437981694700492532019337322079129503930051720851
mitty,1280749485474912809759892573945075828491905118856
collections,474040155711450639688174254202486054918366511451
susi64,345652611321305044830816813007031987882261445824
gold-unicorn,1218451416160354472562323632845657694972916752772
unicorn-hunter,217785330574032572230879124972655653789773493121
unicorn-collection,114728077011352041755894830078204615743466607794
scrapbook,336870407154206222882960566632008930430083543803
corona,994893027892654413152373828928486139693603761983
corona-2020,923083700839406737810026704810904866977032353820
blackmatters,325850614623865147001551338986594533604046378393
crypto1hias1,288971042730611457467940944617607958773205651554
goldenshower,113509325756680830250048215391852886846020947131
crypto2,197163075784573464684885553666215941644412356456
flowminister,119975193237516181965327370849859329564741783265
robert1301,774453602703400311180435229501132756876408492076
marin,1456284100147748017991862351297182514114569578186
cryptostampfreak,1071231222762677793354743001506293209907953318160
cryptopirat,656756506525955823075698068473546509672738454566
mpetrun5,204224416477795131784734563159667399429772350823
hype,168284484705037312449689278520890179118202091143
tom,809888690159468004547762327217200106699842373201
epsteindidntkillhimself,804321717405844458819343181285145654580969476971
cashpanda,669361097273655770561784692653703806367465223639
hodlnice,519860024367212319023527009501529136257477063538
lamadrama,1312592397159151674580709751704169684313082158257
defi,237058065439720494557851210838433429481459483960
hungrybear,423731538420703184343239938031355026952944289946
wuffwuff,612210979551972156868116109314000770143661844183
moneyboy,1259777988126256058709839064042825960039294594713
etherdragon,514011755958378002941288121569269606116162136758
meine-cryptostamp-sammlung,1086958425073813562684029496689630306681962393626
cryptostamp-sammlung,876284364901794962926843957258027097409326536123
dogeblack1,1071637886205934908668670772599448229215047497014
cf,294491320599273804459703722491787541645963614261
crstamps1,1219516959004618154342664034280619731738033450832
molefant,559849501021986832792612617465231570065706864151
benssammlung,747461804231415619151058957991702413030902824846
ami,716077795630615694563928806514165983252708140069
andysstamps,255570078690579100736679874296379786371808577305
paris-dachs,684580418478729012150499240112741928565100120549
golden-collection,1114072733970488574264826901082329492542700391600
london-dachs,865629057983858855373349892529606121041385400808
c-,410606952007090806397566972189519128290794954045
tierchenreich,675390786456436887428962451670759523717118001002
tina,984347362420966450539079650755244858516089600485
satoshi-nakamoto-bitcoin,1000417098471183189905489459775831472201920372886
holymoly,1223777947070272897396545554844528400270153566055
-,41853679946975968360543147193776835957394556601
na-peace,1054332382655754115397991129955916608648809083832
cryptking,267348673649341432844317886755089651318386293393
mas,1330920771818074449408899375165308496235500359906
unicornrider,691271090541393548906545795796554127510394862068
cryptopia,1446569122018830792125778921637972164007739204346
nathan,1413766359534271699398414343176666486344200270571
first,1106938528482972156296535221867322449977801371021
chase3k,519371111768128134273279637193074369777216210906
golden-boy,954252943635576540437712543003380599274788781156
please,883687558434215353866926282814355140645095725262
donor,1033223917013724671196150921795651202431757870230
drugs,197549154499527025879860552199103765730760936170
cs2goldfish,596046356694313722079744085147869280992718635076
eth-cryptostamp,217290235769270197702894986348126220731533147368
ingodwetrust,1041875765326259101621985273742801270710541107486
tierfalle,1301828461620299620497570473816376747403219834724
cs4,717170595849163710232295658934847362501206457902
animal,1208689043229770934282152892825048875684037232363
100,886231746686122658092235944474308515408027506284
panda-red,241677634575609855662468312425491291947654868358
rot,509100501366071481710936410849721548128767410575
doge-red,172306734405847892708703319680856037267518382799
leophiladelphia,558647568385635357304729639391601174891702470690
joegerman,251062880417375953807571516443230754595300033626
briefmarke,687697441251303422597911793219601229921891643623
cs5,21964582226624199749378536466595618874711702285
0852,626591532605616355465516807687199699891666077493
come-to-create-collections-when-fees-over,365396771286557550471468026889866802560918469288
pow64,815189298898051827317566382319961179024289936283
fuchs,1178875426516307227557336455585154503018482390964
kryptohelper,1269794885187419585152311735050134145094852431814
1x,617603487063420663668107061067039225832012674491
cs2-fees-haha,759102302904737860524213050892910823889212113821
csgu-1,717301570630023845974891697287937899193235354493
cs2-unicorn-gold,887582008187692214971952682848169640891482125607
cs2-1,437095014932719208620053786194157777200723313930
crypto-panda,1120491479300299386591970235455900273700083543464
mein-crypto-panda,13162823047689219968783561555182370848155802548
panda-crypto,881477493517944569390471101829482577825796786898
crypto-panda-gruen,1405529684918701492634175488207106949197403937
the-hunt-for-the-golden-unicorn,84083872421635875602777028610976672139468647985
crypto-panda-schwarz,1445674623652287588761569881998336106019396114423
panda-crypto-gruen,1046723966901431147850064837095954876065734453954
crypto-panda-black,1082858245178802058368452030359682905628316894543
gruener-crypto-panda,1160440700938742069006961747389339157017706690663
cs2whale,1399480803458346280836562050555679025401889166650
green-crypto-panda,444111487402365683331195349040880686290625435472
cs-1,664248275170625217323451098576149094808554576701
crypto-dachs,207615457064164355285427254816972023399546256983
honigdachs-blau,251528396731066397308149414343319261533069315608
crypto-dachs-blau,102069483334893522859479613201206632933804973777
crypto-dachs-gelb,586247656505696537008512496077061447119801707038
the-unicorn-hunter,1151961852410238631735470142263468631198768755251
crypto-honigdachs-blau,427355954943274436623251053223663192660265464379
honigdachs-crypto-blau,76288531831685764453079240113686016372216689366
peace,288060702399185946644839579163154767691996959285
i-kill-the-golden-unicorn,709397344301965168700627720281307277611344476863
lama-gruen,754147303789628969496059171023371296640943967886
crypto-lama-gruen,613120614565231755042340531179730568869388880594
crypto-lama-schwarz,954278269592451625200439774946784972798779536887
lama-blau,107279425622453372454534354749919075545468596493
crypto-lama-black,392842042324907139320540870174751983208750509959
thousand,206109343528324045599923887256352935494774435694
tigerface,273167018511653871861867333693977777180379990726
1-collection,1015111853746383906060029336567248595456271677036
collectionz,920324616900905576833124377776891313785724359509
lamaschwarz,625891287125805852293531779269869279564729621168
1337,1416663567308275902187884902035952982020924915415
cryptowhale,611114961416440054627394406940326925284760681960
thorstens-pandas,603125305474536924340084376397563285987186082929
unicorn100,329572445805635169823405931306141284044032399430
i-want-the-golden-unicorn,9999211806204871448369934030195933835539213046
crypto2020,248497036285693059046298899903619951746754461928
kryptostampmirco,1188969653973615490349879973787942016762201869195
kyrptostampmirco,934533625951049293583943413448257293459762520081
mjk,1394747759838928111808259918286388889045868370793
jjteg,1242986542066102728638268984799407492158203132749
